{"cameraMode":{"drawMode":0,"name":"Shaded","section":"Shading Mode"},"sceneLighting":false,"audioPlay":false,"sceneViewState":{"m_AlwaysRefresh":false,"showFog":true,"showSkybox":false,"showFlares":true,"showImageEffects":true,"showParticleSystems":true,"showVisualEffectGraphs":true,"m_FxEnabled":true},"in2DMode":false,"pivot":{"x":0.029999732971191407,"y":2.1053667068481447,"z":-11.732669830322266},"rotation":{"x":-0.1586546003818512,"y":0.8011651635169983,"z":-0.24284425377845765,"w":-0.5234124064445496},"size":4.268135070800781,"orthographic":false}