{"cameraMode":{"drawMode":0,"name":"Shaded","section":"Shading Mode"},"sceneLighting":false,"audioPlay":false,"sceneViewState":{"m_AlwaysRefresh":false,"showFog":true,"showSkybox":false,"showFlares":true,"showImageEffects":true,"showParticleSystems":true,"showVisualEffectGraphs":true,"m_FxEnabled":true},"in2DMode":false,"pivot":{"x":9.19324779510498,"y":4.8036394119262699,"z":-12.289613723754883},"rotation":{"x":-0.001740623265504837,"y":0.7011975646018982,"z":0.0026566924061626198,"w":0.7130764722824097},"size":4.487668037414551,"orthographic":false}