{"cameraMode":{"drawMode":0,"name":"Shaded","section":"Shading Mode"},"sceneLighting":true,"audioPlay":false,"sceneViewState":{"m_AlwaysRefresh":false,"showFog":true,"showSkybox":true,"showFlares":true,"showImageEffects":true,"showParticleSystems":true,"showVisualEffectGraphs":true,"m_FxEnabled":true},"in2DMode":false,"pivot":{"x":9.443574905395508,"y":14.321004867553711,"z":6.682351589202881},"rotation":{"x":0.22763365507125855,"y":-0.036510273814201358,"z":0.008538694120943547,"w":0.9730302095413208},"size":19.758224487304689,"orthographic":true}