{"cameraMode":{"drawMode":0,"name":"Shaded","section":"Shading Mode"},"sceneLighting":true,"audioPlay":false,"sceneViewState":{"m_AlwaysRefresh":false,"showFog":true,"showSkybox":true,"showFlares":true,"showImageEffects":true,"showParticleSystems":true,"showVisualEffectGraphs":true,"m_FxEnabled":true},"in2DMode":false,"pivot":{"x":4.016206741333008,"y":-1.6010111570358277,"z":-1.6627964973449708},"rotation":{"x":0.5583058595657349,"y":-0.010784589685499668,"z":0.007258402183651924,"w":0.8295348882675171},"size":10.819475173950196,"orthographic":true}