{"cameraMode":{"drawMode":0,"name":"Shaded","section":"Shading Mode"},"sceneLighting":true,"audioPlay":false,"sceneViewState":{"m_AlwaysRefresh":false,"showFog":true,"showSkybox":true,"showFlares":true,"showImageEffects":true,"showParticleSystems":true,"showVisualEffectGraphs":true,"m_FxEnabled":true},"in2DMode":false,"pivot":{"x":2.175910472869873,"y":19.834009170532228,"z":1.3301782608032227},"rotation":{"x":0.4145588278770447,"y":-0.035935744643211368,"z":0.016382962465286256,"w":0.9091746211051941},"size":15.090450286865235,"orthographic":true}