{"cameraMode":{"drawMode":0,"name":"Shaded","section":"Shading Mode"},"sceneLighting":true,"audioPlay":false,"sceneViewState":{"m_AlwaysRefresh":false,"showFog":true,"showSkybox":true,"showFlares":true,"showImageEffects":true,"showParticleSystems":true,"showVisualEffectGraphs":true,"m_FxEnabled":true},"in2DMode":false,"pivot":{"x":5.331042289733887,"y":0.6647520065307617,"z":3.948676109313965},"rotation":{"x":0.5583058595657349,"y":-0.010784589685499668,"z":0.007258402183651924,"w":0.8295348882675171},"size":5.621861934661865,"orthographic":true}