{"cameraMode":{"drawMode":0,"name":"Shaded","section":"Shading Mode"},"sceneLighting":true,"audioPlay":false,"sceneViewState":{"m_AlwaysRefresh":false,"showFog":true,"showSkybox":true,"showFlares":true,"showImageEffects":true,"showParticleSystems":true,"showVisualEffectGraphs":true,"m_FxEnabled":true},"in2DMode":false,"pivot":{"x":10.813676834106446,"y":1.4285460710525513,"z":-0.6986448764801025},"rotation":{"x":0.1191859170794487,"y":-0.7756335735321045,"z":0.1545514017343521,"w":0.6005406975746155},"size":2.2659857273101808,"orthographic":false}