{"cameraMode":{"drawMode":0,"name":"Shaded","section":"Shading Mode"},"sceneLighting":false,"audioPlay":false,"sceneViewState":{"m_AlwaysRefresh":false,"showFog":true,"showSkybox":false,"showFlares":true,"showImageEffects":true,"showParticleSystems":true,"showVisualEffectGraphs":true,"m_FxEnabled":true},"in2DMode":false,"pivot":{"x":-0.5157349109649658,"y":-0.3905099630355835,"z":0.8667385578155518},"rotation":{"x":-0.28917747735977175,"y":0.2073299139738083,"z":-0.06526169925928116,"w":-0.9325155019760132},"size":1.9877912998199463,"orthographic":false}