{"cameraMode":{"drawMode":0,"name":"Shaded","section":"Shading Mode"},"sceneLighting":true,"audioPlay":false,"sceneViewState":{"m_AlwaysRefresh":false,"showFog":true,"showSkybox":true,"showFlares":true,"showImageEffects":true,"showParticleSystems":true,"showVisualEffectGraphs":true,"m_FxEnabled":true},"in2DMode":false,"pivot":{"x":-6.781775951385498,"y":11.111334800720215,"z":18.465560913085939},"rotation":{"x":0.3311980366706848,"y":-0.0647367462515831,"z":0.02279464155435562,"w":0.9410786628723145},"size":25.261499404907228,"orthographic":false}