{"cameraMode":{"drawMode":0,"name":"Shaded","section":"Shading Mode"},"sceneLighting":false,"audioPlay":false,"sceneViewState":{"m_AlwaysRefresh":false,"showFog":true,"showSkybox":false,"showFlares":true,"showImageEffects":true,"showParticleSystems":true,"showVisualEffectGraphs":true,"m_FxEnabled":true},"in2DMode":false,"pivot":{"x":-0.38997384905815127,"y":0.8640979528427124,"z":0.733565092086792},"rotation":{"x":0.24286626279354096,"y":-0.02733890898525715,"z":0.006850788369774818,"w":0.9697346687316895},"size":1.6742687225341797,"orthographic":false}