{"cameraMode":{"drawMode":0,"name":"Shaded","section":"Shading Mode"},"sceneLighting":false,"audioPlay":false,"sceneViewState":{"m_AlwaysRefresh":false,"showFog":true,"showSkybox":false,"showFlares":true,"showImageEffects":true,"showParticleSystems":true,"showVisualEffectGraphs":true,"m_FxEnabled":true},"in2DMode":false,"pivot":{"x":-2.2302818298339845,"y":0.5488556623458862,"z":-7.915390968322754},"rotation":{"x":-0.40237435698509219,"y":-0.08031582087278366,"z":0.03545587882399559,"w":-0.9112603068351746},"size":1.3665521144866944,"orthographic":false}