{"cameraMode":{"drawMode":0,"name":"Shaded","section":"Shading Mode"},"sceneLighting":false,"audioPlay":false,"sceneViewState":{"m_AlwaysRefresh":false,"showFog":true,"showSkybox":false,"showFlares":true,"showImageEffects":true,"showParticleSystems":true,"showVisualEffectGraphs":true,"m_FxEnabled":true},"in2DMode":false,"pivot":{"x":0.050353266298770908,"y":0.2984204888343811,"z":0.02475915290415287},"rotation":{"x":-0.33747199177742007,"y":-0.6249335408210754,"z":0.3429276943206787,"w":-0.6149311065673828},"size":0.8660253882408142,"orthographic":false}