{"cameraMode":{"drawMode":0,"name":"Shaded","section":"Shading Mode"},"sceneLighting":false,"audioPlay":false,"sceneViewState":{"m_AlwaysRefresh":false,"showFog":true,"showSkybox":false,"showFlares":true,"showImageEffects":true,"showParticleSystems":true,"showVisualEffectGraphs":true,"m_FxEnabled":true},"in2DMode":false,"pivot":{"x":-0.017180653288960458,"y":-0.11767899990081787,"z":-0.008725639432668686},"rotation":{"x":0.4336598515510559,"y":0.32625409960746767,"z":-0.17221124470233918,"w":0.8222047090530396},"size":1.5758119821548463,"orthographic":false}