{"cameraMode":{"drawMode":0,"name":"Shaded","section":"Shading Mode"},"sceneLighting":false,"audioPlay":false,"sceneViewState":{"m_AlwaysRefresh":false,"showFog":true,"showSkybox":false,"showFlares":true,"showImageEffects":true,"showParticleSystems":true,"showVisualEffectGraphs":true,"m_FxEnabled":true},"in2DMode":false,"pivot":{"x":-7.5385308265686039,"y":0.5089923143386841,"z":27.925539016723634},"rotation":{"x":0.014319365844130516,"y":-0.8180933594703674,"z":0.020367426797747613,"w":0.5745805501937866},"size":2.9022817611694338,"orthographic":false}