{"cameraMode":{"drawMode":0,"name":"Shaded","section":"Shading Mode"},"sceneLighting":false,"audioPlay":false,"sceneViewState":{"m_AlwaysRefresh":false,"showFog":true,"showSkybox":false,"showFlares":true,"showImageEffects":true,"showParticleSystems":true,"showVisualEffectGraphs":true,"m_FxEnabled":true},"in2DMode":false,"pivot":{"x":1.6402562856674195,"y":0.7174495458602905,"z":-13.460748672485352},"rotation":{"x":-0.3220081329345703,"y":0.09094437956809998,"z":-0.031157858669757844,"w":-0.9419686198234558},"size":1.9911341667175294,"orthographic":false}