{"cameraMode":{"drawMode":0,"name":"Shaded","section":"Shading Mode"},"sceneLighting":false,"audioPlay":false,"sceneViewState":{"m_AlwaysRefresh":false,"showFog":true,"showSkybox":false,"showFlares":true,"showImageEffects":true,"showParticleSystems":true,"showVisualEffectGraphs":true,"m_FxEnabled":true},"in2DMode":false,"pivot":{"x":-1.5602962970733643,"y":0.6327999234199524,"z":-0.16828054189682008},"rotation":{"x":-0.000762379786465317,"y":-0.9998958110809326,"z":-0.009122014977037907,"w":-0.01889673061668873},"size":1.9734879732131959,"orthographic":false}