{"cameraMode":{"drawMode":0,"name":"Shaded","section":"Shading Mode"},"sceneLighting":false,"audioPlay":false,"sceneViewState":{"m_AlwaysRefresh":false,"showFog":true,"showSkybox":false,"showFlares":true,"showImageEffects":true,"showParticleSystems":true,"showVisualEffectGraphs":true,"m_FxEnabled":true},"in2DMode":false,"pivot":{"x":6.587713241577148,"y":11.312353134155274,"z":-2.3183059692382814},"rotation":{"x":0.5897063612937927,"y":-0.019375557079911233,"z":0.014159051701426506,"w":0.8072719573974609},"size":2.6410772800445558,"orthographic":false}