{"cameraMode":{"drawMode":0,"name":"Shaded","section":"Shading Mode"},"sceneLighting":false,"audioPlay":false,"sceneViewState":{"m_AlwaysRefresh":false,"showFog":true,"showSkybox":false,"showFlares":true,"showImageEffects":true,"showParticleSystems":true,"showVisualEffectGraphs":true,"m_FxEnabled":true},"in2DMode":false,"pivot":{"x":0.07826323062181473,"y":0.9042016267776489,"z":2.0255255699157717},"rotation":{"x":-0.0015978011069819332,"y":-0.9988852143287659,"z":0.041370123624801639,"w":-0.030342236161231996},"size":0.6072074174880981,"orthographic":false}