{"cameraMode":{"drawMode":0,"name":"Shaded","section":"Shading Mode"},"sceneLighting":false,"audioPlay":false,"sceneViewState":{"m_AlwaysRefresh":false,"showFog":true,"showSkybox":false,"showFlares":true,"showImageEffects":true,"showParticleSystems":true,"showVisualEffectGraphs":true,"m_FxEnabled":true},"in2DMode":false,"pivot":{"x":5.367781639099121,"y":1.1226005554199219,"z":-7.641857147216797},"rotation":{"x":0.15668421983718873,"y":-0.24146124720573426,"z":0.03954441845417023,"w":0.9568576216697693},"size":1.6110721826553345,"orthographic":false}