{"cameraMode":{"drawMode":0,"name":"Shaded","section":"Shading Mode"},"sceneLighting":false,"audioPlay":false,"sceneViewState":{"m_AlwaysRefresh":false,"showFog":true,"showSkybox":false,"showFlares":true,"showImageEffects":true,"showParticleSystems":true,"showVisualEffectGraphs":true,"m_FxEnabled":true},"in2DMode":false,"pivot":{"x":0.35409414768218996,"y":1.2295067310333253,"z":0.04030001163482666},"rotation":{"x":-0.1276800036430359,"y":0.07521946728229523,"z":-0.009713498875498772,"w":-0.9889383316040039},"size":2.6567375659942629,"orthographic":false}