{"cameraMode":{"drawMode":0,"name":"Shaded","section":"Shading Mode"},"sceneLighting":false,"audioPlay":false,"sceneViewState":{"m_AlwaysRefresh":false,"showFog":true,"showSkybox":false,"showFlares":true,"showImageEffects":true,"showParticleSystems":true,"showVisualEffectGraphs":true,"m_FxEnabled":true},"in2DMode":false,"pivot":{"x":0.2912198305130005,"y":1.6096135377883912,"z":1.9162272214889527},"rotation":{"x":0.028390374034643174,"y":-0.964528501033783,"z":0.11724542081356049,"w":0.23567791283130647},"size":1.0612328052520753,"orthographic":false}